INSERT INTO tb_category(id, description) VALUES(1000, 'Bíblia');
INSERT INTO tb_category(id, description) VALUES(1002, 'Comentário');
INSERT INTO tb_category(id, description) VALUES(1003, 'Tecnologia e Ciência');
INSERT INTO tb_category(id, description) VALUES(1004, 'Gastronomia');
INSERT INTO tb_category(id, description) VALUES(1005, 'Romance');
INSERT INTO tb_category(id, description) VALUES(1006, 'Auto ajuda');

INSERT INTO tb_supplier(id, name) VALUES(1000, 'Sociedade Bíblica do Brasil');
INSERT INTO tb_supplier(id, name) VALUES(1002, 'Hagnos');
INSERT INTO tb_supplier(id, name) VALUES(1003, 'Novatec');
INSERT INTO tb_supplier(id, name) VALUES(1004, 'Viva bem');
INSERT INTO tb_supplier(id, name) VALUES(1006, 'Editora Planeta');
INSERT INTO tb_supplier(id, name) VALUES(1007, 'Editora Vozes');

INSERT INTO tb_product(id, name, description, fK_supplier, fK_category, quantity_available, price, img_url, created_at) VALUES(1000, 'Bíblia Sagrada Nova Almeida Atualizada', 'Essa edição da Bíblia Sagrada é ideal para quem deseja ler a Palavra de Deus diariamente e procura um texto clássico mas com linguagem atual. A Nova Almeida Atualizada (NAA) é uma tradução lançada em 2017 pela SBB, resultado de uma profunda revisão da consagrada tradução Almeida Revista e Atualizada. Ela apresenta um texto clássico com uma linguagem atual, seguindo a norma padrão do português escrito e falado no Brasil.', 1000, 1000, 6, 47.76, 'https://images-na.ssl-images-amazon.com/images/I/61lCKdWUOLL.jpg', CURRENT_TIMESTAMP);
INSERT INTO tb_product(id, name, description, fK_supplier, fK_category, quantity_available, price, img_url, created_at) VALUES(1001, 'Bíblia do Pregador Pentecostal: Almeida', 'A Bíblia do Pregador Pentecostal reúne 1.002 sermões bíblicos associados ao texto bíblico, que servirão de auxílio e orientação para pregações voltadas aos mais diversos públicos e ocasiões. Os sermões, preparados pelo teólogo e pastor Erivaldo de Jesus, abordam cada um dos 66 livros da Bíblia, além de tratarem de temas para ministrar a Palavra de Deus em convenções de pastores, reuniões de obreiros, escolas bíblicas, reuniões para mulheres e festividades em geral da Igreja.', 1000, 1000, 7, 88.11, 'https://m.media-amazon.com/images/I/510o-XcWKSL.jpg', CURRENT_TIMESTAMP);
INSERT INTO tb_product(id, name, description, fK_supplier, fK_category, quantity_available, price, img_url, created_at) VALUES(1002, 'Comentário bíblico lar, família & casamento', 'Comentário bíblico lar, família & casamento: Fundamentos, desafios e estudo bíblico-teológico prático para líderes, conselheiros e casais', 1000, 1000, 8, 92.28, 'https://m.media-amazon.com/images/I/514f3ryFggL.jpg', CURRENT_TIMESTAMP);
INSERT INTO tb_product(id, name, description, fK_supplier, fK_category, quantity_available, price, img_url, created_at) VALUES(1003, 'Use a cabeça!: Java', 'Use a Cabeça! Java é uma experiência completa de aprendizado em programação orientada a objetos (OO) e Java. Projetado de acordo com princípios de aprendizado simples, este livro mostrará de aspectos básicos da linguagem a tópicos avançados que incluem segmentos, soquetes de rede e programação distribuída.O mais importante é que você aprenderá a pensar como um desenvolvedor orientado a objetos. E não irá apenas ler: você vai participar de jogos, resolver quebra-cabeças, refletir sobre mistérios e interagir com Java de formas nunca imaginadas', 1003, 1003, 8, 146.58, 'https://images-na.ssl-images-amazon.com/images/I/517KvLLwZXL._SX372_BO1,204,203,200_.jpg', CURRENT_TIMESTAMP);
INSERT INTO tb_product(id, name, description, fK_supplier, fK_category, quantity_available, price, img_url, created_at) VALUES(1004, 'Flutter na Prática: Melhore seu Desenvolvimento Mobile com o SDK Open Source Mais Recente do Google', 'Saiba o que o Flutter tem para oferecer, de onde ele veio e para onde vai. O desenvolvimento de aplicativos móveis está progredindo rapidamente, e com o Flutter – um SDK open source de desenvolvimento de aplicações móveis criado pelo Google – você pode desenvolver aplicações para Android e iOS, assim como para o Google Fuchsia.', 1003, 1003, 8, 77.47, 'https://images-na.ssl-images-amazon.com/images/I/41EACuSeCvL._SX347_BO1,204,203,200_.jpg', CURRENT_TIMESTAMP);
INSERT INTO tb_product(id, name, description, fK_supplier, fK_category, quantity_available, price, img_url, created_at) VALUES(1005, 'Divina alquimia: Receitas veganas', 'Desde que descobriu o poder da culinária natural em sua vida, Patricia Helú se dedica à criação de receitas, adaptando o tradicional em opções nutritivas e saborosas. Sua maior paixão é compartilhá-las para inspirar e empoderar as pessoas na cozinha. Com preparos à base do mundo vegetal, a autora apresenta receitas criativas e acessíveis a todos os níveis de intimidade com a cozinha. Dividido por ocasiões, que vão de um almoço na praia a um banquete árabe, Divina alquimia promete trazer novas misturas e inúmeras possibilidades para uma cozinha diária mais leve e deliciosa', 1004, 1004, 8, 63.00, 'https://images-na.ssl-images-amazon.com/images/I/51ta+sG2IES._SX402_BO1,204,203,200_.jpg', CURRENT_TIMESTAMP);
INSERT INTO tb_product(id, name, description, fK_supplier, fK_category, quantity_available, price, img_url, created_at) VALUES(1006, 'Básico: Enciclopédia de Receitas do Brasil', 'Básico, o novo livro de Ana Trajano, apresenta a cozinha brasileira viva em várias versões. São 512 receitas, resultantes dos dezenove anos de andanças pelo nosso país e de muitas pesquisas da autora sobre a nossa culinária de raiz. Ele começa com um Tira-gosto, capítulo de petiscos que dá boas-vindas ao leitor da mesma maneira que recebemos nossos amigos em casa. Depois vêm os pratos principais, Mistura, seguidos pelos acompanhamentos que ajudam dar Sustância ao prato. Em seguida, as Sobremesas que revela a Fartura da doçaria brasileira e por fim, os Pães e Quitandas que acompanham nosso tradicional cafezinho.', 1004, 1004, 8, 96.24, 'https://m.media-amazon.com/images/P/B078WVN3J2.01._SCLZZZZZZZ_SX500_.jpg', CURRENT_TIMESTAMP);
INSERT INTO tb_product(id, name, description, fK_supplier, fK_category, quantity_available, price, img_url, created_at) VALUES(1007, 'Comentários do AT - Isaías - Volume 1', 'Este comentário, baseado na tradução do texto hebraico preparada pelo próprio Oswalt, fornece a pesquisadores, pastores, professores e estudiosos da Bíblia uma lúcida interpretação do livro de Isaías em seu contexto antigo, bem como uma exposição de sua mensagem para o dia de hoje.', 1000, 1002, 2, 153.25, 'https://images-na.ssl-images-amazon.com/images/I/41-vJoYja5L._SX321_BO1,204,203,200_.jpg', CURRENT_TIMESTAMP);
INSERT INTO tb_product(id, name, description, fK_supplier, fK_category, quantity_available, price, img_url, created_at) VALUES(1008, 'Comentários do AT - Gênesis', 'Este comentário apresenta um modelo para a leitura e interpretação de Gênesis. Fornece notas exegéticas úteis que abordam temas e debates de importância relacionados ao texto. Inclui reflexão teológica a respeito de como a mensagem se dirige a questões contemporâneas teológicas e sociais, tais como ecologia, temperança, o mal, oração e obediência. Trata também de temas críticos ligados a interpretação, como autenticidade, data e autoria.', 1000, 1002, 3, 179.72, 'https://images-na.ssl-images-amazon.com/images/I/41onohzQJFL._SX338_BO1,204,203,200_.jpg', CURRENT_TIMESTAMP);
INSERT INTO tb_product(id, name, description, fK_supplier, fK_category, quantity_available, price, img_url, created_at) VALUES(1009, 'Um psicólogo no campo de concentração', 'O fundador da Logoterapia mostra aqui como foi a sua própria experiência em busca do sentido da vida num campo de concentração durante a Segunda Guerra Mundial. Apresenta também, numa segunda parte, os conceitos básicos da logoterapia.', 1006, 1005, 4, 42.20, 'https://images-na.ssl-images-amazon.com/images/I/51nzm02L8cL._SX324_BO1,204,203,200_.jpg', CURRENT_TIMESTAMP);
INSERT INTO tb_product(id, name, description, fK_supplier, fK_category, quantity_available, price, img_url, created_at) VALUES(1010, 'Em Busca Do Sentido Da Vida', 'Este romance é sobre um colecionador de lágrimas que, depois de experimentar terríveis perdas e sofrer derrotas inimagináveis, transforma-se num colecionador de esperanças. Ao ler esta obra você acompanhará a vida de um homem que aprendeu a superar o desespero e a dor após viver um dos capítulos mais dramáticos da história da humanidade. O professor Júlio Verne, um célebre intelectual de seu tempo, vive asfixiado por rotina, fama e conforto...', 1006, 1005, 5, 25.17, 'https://images-na.ssl-images-amazon.com/images/I/41-RC9w7VHL._SY498_BO1,204,203,200_.jpg', CURRENT_TIMESTAMP);
INSERT INTO tb_product(id, name, description, fK_supplier, fK_category, quantity_available, price, img_url, created_at) VALUES(1011, 'Kit Vendedor De Sonhos-vol .1,2 E 3', 'LIVROS NOVOS E FÍSICOS Este Kit Contém 1 exemplar de cada: VENDEDOR DE SONHOS (O) - O CHAMADO - VOL. 1 - 255 páginas -16x23 cm - (Autor: Augusto Cury) VENDEDOR DE SONHOS (O) - A RESOLUÇÃO DOS ANÔNIMOS - VOL. 2 - 206 páginas -16x23 cm - (Autor: Augusto Cury) VENDEDOR DE SONHOS (O) - O SEMEADOR DE IDEIAS - VOL. 3 - 263 páginas -16x23 cm - (Autor: Augusto Cury)', 1007, 1005, 7, 114.50, 'https://a-static.mlcdn.com.br/1500x1500/kit-vendedor-de-sonhos-vol-12-e-3-augusto-cury-dreamsellers/institutobeneficenteboanova/85644/4af67bf8f579ced638a557efad80da41.jpeg', CURRENT_TIMESTAMP);
